ruby3Cache3,ruby3NoCache
4.03298,5.27115
3.30259,4.32142
3.37822,4.48428
3.05794,5.38691
2.71542,3.68453
4.05982,5.22088
3.64612,4.4347
2.99749,4.09492
3.51515,4.85081
3.11158,4.08687
