java3Cache3,java3NoCache
3.64481,4.76208
3.88528,4.82772
3.88181,4.77696
3.72358,4.63941
3.5275,4.46465
3.54109,5.02898
3.87652,4.70965
3.90898,4.92941
3.84831,5.18411
3.2668,4.68885
