java3Cache3,java3NoCache
4.40596,5.111
4.24718,5.42194
4.19101,5.20264
3.95553,5.91235
3.87869,5.64603
4.21426,5.16389
4.19643,5.21745
3.81702,5.07204
4.66501,5.77874
3.6859,5.45777
