english3Cache3,english3NoCache
9.37372,9.26722
9.51965,9.34489
9.53452,9.31394
9.51387,9.3581
9.42815,9.48295
9.4249,9.26335
9.53345,9.37446
9.38101,9.37793
9.49565,9.27241
9.45809,9.36633
