english3Cache3,english3NoCache
9.70408,9.60186
9.65581,9.52915
9.65503,9.58681
9.70153,9.50322
9.63036,9.48244
9.64212,9.53469
9.62161,9.56392
9.66679,9.51942
9.67047,9.50592
9.68342,9.59604
